Rk,Player,Nation,Pos,Squad,Age,Born,90s,CrdY,CrdR,2CrdY,Fls,Fld,Off,Crs,Int,TklW,PKwon,PKcon,OG,Recov,Won,Lost,Won%,Matches
1,Patrick van Aanholt\5f09991f,nl NED,DF,Crystal Palace,29,1990,19.7,2,0,0,13,3,3,34,34,19,0,0,0,179,10,11,47.6,Matches
2,Tammy Abraham\f586779e,eng ENG,FW,Chelsea,22,1997,11.6,0,0,0,26,19,5,4,2,4,1,0,0,47,39,28,58.2,Matches
3,Che Adams\f2bf1b0f,sct SCO,FW,Southampton,24,1996,29.6,1,0,0,32,68,19,13,11,17,0,0,0,119,47,141,25.0,Matches
4,Tosin Adarabioyo\c81d773d,eng ENG,DF,Fulham,22,1997,32.8,1,0,0,19,6,2,3,55,26,0,1,1,278,100,39,71.9,Matches
5,Adrián\f76e6b4e,es ESP,GK,Liverpool,33,1987,3.0,0,0,0,0,1,0,0,0,0,0,0,0,20,0,0,,Matches
6,Sergio Agüero\4d034881,ar ARG,FWMF,Manchester City,32,1988,6.2,0,0,0,2,9,1,2,4,0,0,0,0,18,2,6,25.0,Matches
7,Ola Aina\246d153b,ng NGA,DF,Fulham,23,1996,29.6,3,0,0,34,28,2,42,53,25,0,0,0,250,33,43,43.4,Matches
8,Rayan Aït Nouri\9b398aea,fr FRA,DF,Wolves,19,2001,15.6,1,0,0,17,22,1,30,15,16,0,1,0,118,14,21,40.0,Matches
9,Semi Ajayi\d6192210,ng NGA,DF,West Brom,26,1993,30.9,3,1,0,31,8,1,6,41,42,0,2,0,263,85,46,64.9,Matches
10,Nathan Aké\eaeca114,nl NED,DF,Manchester City,25,1995,8.9,4,0,0,8,6,0,0,6,6,0,1,0,80,30,17,63.8,Matches
11,Marc Albrighton\b827d5b3,eng ENG,DFFW,Leicester City,30,1989,19.4,2,0,0,17,24,4,73,28,31,0,0,0,188,15,32,31.9,Matches
12,Thiago Alcántara\77e84962,es ESP,MF,Liverpool,29,1991,20.6,4,0,0,52,41,0,4,42,43,0,1,0,236,34,23,59.6,Matches
13,Toby Alderweireld\f7d50789,be BEL,DF,Tottenham,31,1989,24.9,2,0,0,22,4,0,1,15,19,0,1,1,200,54,39,58.1,Matches
14,Rúnar Alex Rúnarsson\8fa8f8d2,is ISL,GK,Arsenal,25,1995,0.2,0,0,0,0,0,0,0,0,0,0,0,0,2,0,0,,Matches
15,Trent Alexander-Arnold\cd1acf9d,eng ENG,DF,Liverpool,21,1998,33.7,2,0,0,23,13,5,182,49,36,0,1,0,336,8,28,22.2,Matches
16,Ezgjan Alioski\1a7fcf39,mk MKD,DF,Leeds United,28,1992,27.3,7,0,0,48,46,6,59,36,42,0,2,0,248,43,43,50.0,Matches
17,Alisson\7a2e46a8,br BRA,GK,Liverpool,27,1992,33.0,1,0,0,1,6,0,0,0,0,0,1,0,170,0,1,0.0,Matches
18,Allan\cc700722,br BRA,MF,Everton,29,1991,22.8,6,0,0,52,38,0,3,23,54,0,0,0,221,6,13,31.6,Matches
19,Dele Alli\cea4ee8f,eng ENG,MF,Tottenham,24,1996,6.9,0,0,0,14,14,1,7,10,15,0,0,0,66,10,13,43.5,Matches
20,Miguel Almirón\862a1c15,py PAR,MFFW,Newcastle Utd,26,1994,27.0,3,0,0,24,45,6,29,27,29,0,0,0,189,8,20,28.6,Matches
21,Marcos Alonso\f4290206,es ESP,DF,Chelsea,29,1990,10.7,2,0,0,14,13,2,13,11,8,0,0,0,86,27,19,58.7,Matches
22,Steven Alzate\ad1f61f3,co COL,MFDF,Brighton,21,1998,10.0,2,0,0,25,10,1,2,7,15,0,0,0,68,6,14,30.0,Matches
23,Daniel Amartey\1a4ef233,gh GHA,DF,Leicester City,25,1994,8.0,3,0,0,3,1,0,0,12,6,0,0,0,94,21,15,58.3,Matches
24,Ethan Ampadu\10b9fa99,wls WAL,DFMF,Sheffield Utd,19,2000,23.2,3,0,0,41,27,1,11,39,36,0,1,1,220,66,30,68.8,Matches
25,Joachim Andersen\e34fc66d,dk DEN,DF,Fulham,24,1996,30.3,7,1,0,45,15,1,4,51,26,0,1,0,335,118,40,74.7,Matches
26,Elliot Anderson\de31038e,sct SCO,MF,Newcastle Utd,17,2002,0.0,0,0,0,0,0,0,0,0,0,0,0,0,0,0,0,,Matches
27,Felipe Anderson\9f1893b9,br BRA,FWMF,West Ham,27,1993,0.0,0,0,0,0,0,0,1,0,1,0,0,0,0,0,0,,Matches
28,Michail Antonio\ac05f970,jm JAM,FW,West Ham,30,1990,21.9,3,0,0,34,48,16,30,9,8,1,0,0,81,63,116,35.2,Matches
29,Alphonse Areola\2f965a72,fr FRA,GK,Fulham,27,1993,36.0,2,0,0,0,6,0,0,0,1,0,0,0,150,0,0,,Matches
30,Stuart Armstrong\97333cf5,sct SCO,MF,Southampton,28,1992,30.7,3,0,0,37,39,4,26,31,41,0,0,0,270,8,23,25.8,Matches
31,Kepa Arrizabalaga\28d596a0,es ESP,GK,Chelsea,25,1994,6.5,1,0,0,0,0,0,0,0,0,0,0,0,34,0,0,,Matches
32,Pierre-Emerick Aubameyang\d5dd5f1f,ga GAB,FW,Arsenal,31,1989,25.9,2,0,0,21,19,18,47,6,5,0,0,1,84,31,64,32.6,Matches
33,Serge Aurier\5c2b4f07,ci CIV,DF,Tottenham,27,1992,17.8,0,0,0,28,17,1,21,24,38,0,1,0,156,39,37,51.3,Matches
34,Charlie Austin\8d228291,eng ENG,FW,West Brom,31,1989,1.5,0,0,0,0,2,1,1,2,3,0,0,0,6,7,13,35.0,Matches
35,Jordan Ayew\da052c14,gh GHA,FWMF,Crystal Palace,28,1991,23.3,4,0,0,53,73,5,18,29,33,0,0,0,132,31,110,22.0,Matches
36,Luke Ayling\420d7c7d,eng ENG,DF,Leeds United,28,1991,37.8,7,0,0,38,62,2,70,58,67,0,1,0,404,71,66,51.8,Matches
37,César Azpilicueta\53cad200,es ESP,DF,Chelsea,30,1989,24.3,5,1,0,33,16,5,29,37,31,0,0,0,243,58,48,54.7,Matches
38,Eric Bailly\a1232f4e,ci CIV,DF,Manchester Utd,26,1994,10.2,3,0,0,12,5,0,0,22,6,0,0,0,98,27,17,61.4,Matches
39,Fabián Balbuena\3626f7d9,py PAR,DF,West Ham,28,1991,13.3,1,1,0,12,4,0,0,14,14,0,0,0,114,26,17,60.5,Matches
40,George Baldock\394854c4,gr GRE,DF,Sheffield Utd,27,1993,31.0,7,0,0,57,27,10,51,35,27,0,0,0,209,29,35,45.3,Matches
41,Gareth Bale\a58bb1e1,wls WAL,FW,Tottenham,31,1989,10.2,1,0,0,11,10,5,29,9,9,0,0,0,70,22,11,66.7,Matches
42,Patrick Bamford\93feac6e,eng ENG,FW,Leeds United,26,1993,33.9,3,0,0,47,30,18,5,13,18,3,0,0,93,54,81,40.0,Matches
43,Phil Bardsley\1ae30132,sct SCO,DF,Burnley,35,1985,3.0,2,0,0,9,4,0,7,3,4,0,0,0,39,5,5,50.0,Matches
44,Ross Barkley\3a24769f,eng ENG,MF,Aston Villa,26,1993,17.0,0,0,0,16,26,5,20,5,2,1,0,0,144,25,25,50.0,Matches
45,Ross Barkley\3a24769f,eng ENG,MF,Chelsea,26,1993,0.5,0,0,0,2,3,1,0,0,0,0,0,0,8,3,1,75.0,Matches
46,Ashley Barnes\2691c772,eng ENG,FW,Burnley,30,1989,14.8,4,0,0,53,56,17,6,5,6,1,0,0,75,55,98,35.9,Matches
47,Harvey Barnes\3ea50f67,eng ENG,FWMF,Leicester City,22,1997,21.6,0,0,0,21,42,1,18,16,14,0,0,0,134,22,32,40.7,Matches
48,Kyle Bartley\18e96f64,eng ENG,DF,West Brom,29,1991,28.7,4,0,0,35,9,5,4,31,18,0,1,0,260,111,55,66.9,Matches
49,Chris Basham\1aa84968,eng ENG,DFMF,Sheffield Utd,32,1988,28.6,5,0,0,32,31,6,24,45,46,1,1,0,295,77,63,55.0,Matches
50,Michy Batshuayi\2973d8ff,be BEL,FW,Crystal Palace,26,1993,8.1,0,0,0,13,6,11,7,2,3,1,0,0,34,11,23,32.4,Matches
51,Jan Bednarek\4115ce4e,pl POL,DF,Southampton,24,1996,34.4,5,1,0,33,15,0,0,78,28,0,0,1,410,110,51,68.3,Matches
52,Donny van de Beek\50dc94ce,nl NED,MFFW,Manchester Utd,23,1997,5.8,1,0,0,7,7,0,4,7,9,1,0,0,44,3,4,42.9,Matches
53,Héctor Bellerín\f874dd44,es ESP,DF,Arsenal,25,1995,23.2,8,0,0,28,7,1,51,13,18,1,0,0,208,32,35,47.8,Matches
54,Saïd Benrahma\5a04fd92,dz ALG,FWMF,West Ham,24,1995,15.5,0,0,0,15,21,2,39,13,21,0,1,0,124,3,15,16.7,Matches
55,Josh Benson\bf3aeb61,eng ENG,MF,Burnley,20,1999,2.9,0,0,0,4,1,0,4,1,5,0,1,0,24,1,4,20.0,Matches
56,Christian Benteke\ab070c55,be BEL,FW,Crystal Palace,29,1990,20.2,3,1,1,38,26,15,6,5,9,0,0,0,79,212,150,58.6,Matches
57,Gaetano Berardi\5348aada,ch SUI,DF,Leeds United,31,1988,1.3,0,0,0,2,0,0,1,2,2,0,0,0,6,3,4,42.9,Matches
58,Jóhann Berg Guðmundsson\f72293fc,is ISL,MF,Burnley,29,1990,15.1,2,0,0,12,17,2,24,17,14,0,0,0,108,19,31,38.0,Matches
59,Sander Berge\d0b6129f,no NOR,MF,Sheffield Utd,22,1998,12.4,4,0,0,20,6,2,18,3,16,0,0,0,101,16,15,51.6,Matches
60,Steven Bergwijn\a29b1131,nl NED,FWMF,Tottenham,22,1997,13.4,3,0,0,21,17,1,12,12,10,1,0,0,80,2,16,11.1,Matches
61,Bernard\ab4b3e35,br BRA,MFFW,Everton,27,1992,5.1,2,0,0,7,7,0,9,7,4,0,0,0,59,0,0,,Matches
62,Bernardo\17370b95,br BRA,DFMF,Brighton,25,1995,2.3,0,0,0,1,1,0,4,0,5,0,0,0,12,5,6,45.5,Matches
63,Ryan Bertrand\01226327,eng ENG,DF,Southampton,30,1989,28.9,5,0,0,31,38,3,57,31,43,0,1,0,210,34,54,38.6,Matches
64,Yves Bissouma\6c203af0,ml MLI,MF,Brighton,23,1996,34.6,8,1,0,64,41,0,8,60,74,0,0,0,364,38,22,63.3,Matches
65,Jayden Bogle\ae5019e6,eng ENG,DF,Sheffield Utd,20,2000,12.3,2,0,0,16,11,1,12,20,16,0,0,0,84,16,28,36.4,Matches
66,Willy Boly\a4ac4b8f,ci CIV,DF,Wolves,29,1991,20.9,2,0,0,15,11,0,0,23,26,0,1,0,180,65,22,74.7,Matches
67,Jarrod Bowen\79c84d1c,eng ENG,FWMF,West Ham,23,1996,28.5,0,0,0,18,67,14,52,22,14,0,0,0,175,20,60,25.0,Matches
68,Robbie Brady\96bb8cc2,ie IRL,MF,Burnley,28,1992,11.7,3,0,0,24,10,2,25,9,12,0,0,0,110,21,20,51.2,Matches
69,Rhian Brewster\30e81a88,eng ENG,FW,Sheffield Utd,20,2000,12.5,1,0,0,23,21,4,13,6,8,0,0,0,61,12,45,21.1,Matches
70,Nathan Broadhead\43309491,wls WAL,MF,Everton,22,1998,0.0,0,0,0,0,0,0,0,0,0,0,0,0,0,1,0,100.0,Matches
71,Josh Brownhill\47369df8,eng ENG,MF,Burnley,24,1995,31.3,2,0,0,48,39,2,17,53,28,0,0,0,398,71,43,62.3,Matches
72,Joe Bryan\af69e7f0,eng ENG,DFFW,Fulham,26,1993,7.4,2,0,0,12,8,0,24,13,12,1,1,0,66,6,3,66.7,Matches
73,Kean Bryan\c684d3c9,eng ENG,DF,Sheffield Utd,23,1996,11.2,1,0,0,16,3,0,15,28,15,0,0,1,92,31,19,62.0,Matches
74,Oliver Burke\f631c17f,sct SCO,FW,Sheffield Utd,23,1997,14.1,2,0,0,27,7,3,20,2,10,0,0,0,54,27,49,35.5,Matches
75,Dan Burn\b2d31e83,eng ENG,DF,Brighton,28,1992,22.9,5,0,0,43,7,4,32,37,22,0,1,1,195,99,41,70.7,Matches
76,Jack Butland\cc70a1d5,eng ENG,GK,Crystal Palace,27,1993,1.0,0,0,0,0,0,0,0,0,0,0,0,0,4,0,0,,Matches
77,David Button\e608ed4c,eng ENG,GK,West Brom,31,1989,1.0,0,0,0,0,0,0,0,0,0,0,0,0,2,0,0,,Matches
78,Oskar Buur\aa6f2f2c,dk DEN,DF,Wolves,22,1998,0.2,0,0,0,0,0,0,0,0,0,0,0,0,2,0,0,,Matches
79,Willy Caballero\a179d516,ar ARG,GK,Chelsea,38,1981,1.0,0,0,0,0,0,0,0,0,0,0,0,0,4,0,0,,Matches
80,Gary Cahill\7914b9fe,eng ENG,DF,Crystal Palace,34,1985,20.0,3,0,0,15,3,3,0,19,7,0,0,0,147,80,39,67.2,Matches
81,Tom Cairney\a8748947,sct SCO,MF,Fulham,29,1991,8.4,2,0,0,5,19,1,18,1,4,1,0,0,71,2,5,28.6,Matches
82,Dominic Calvert-Lewin\59e6e5bf,eng ENG,FW,Everton,23,1997,31.9,3,0,0,38,44,19,15,5,12,2,0,0,115,143,147,49.3,Matches
83,João Cancelo\bd6351cd,pt POR,DF,Manchester City,26,1994,25.5,5,1,0,40,23,2,69,53,44,0,0,0,259,35,30,53.8,Matches
84,Ian Carlo Poveda\55b4f1d6,eng ENG,MFDF,Leeds United,20,2000,3.9,0,0,0,5,7,2,9,2,7,0,0,0,26,0,4,0.0,Matches
85,Andy Carroll\b581987a,eng ENG,FW,Newcastle Utd,31,1989,4.4,1,0,0,13,12,4,3,1,1,0,0,0,37,47,35,57.3,Matches
86,Scott Carson\3e1550ee,eng ENG,GK,Manchester City,34,1985,1.0,0,0,0,0,0,0,0,0,0,0,0,0,5,0,0,,Matches
87,Fabio Carvalho\966e28d0,pt POR,MFFW,Fulham,17,2002,2.8,0,0,0,5,5,0,2,4,5,0,0,0,16,1,5,16.7,Matches
88,Matty Cash\2389cdc2,pl POL,DF,Aston Villa,22,1997,26.4,8,1,1,43,24,2,62,49,44,0,2,0,228,40,42,48.8,Matches
89,Kiko Casilla\58bc7d18,es ESP,GK,Leeds United,33,1986,3.0,0,0,0,0,0,0,0,0,0,0,0,0,14,0,0,,Matches
90,Timothy Castagne\197640fd,be BEL,DF,Leicester City,24,1995,26.1,1,0,0,23,15,2,37,23,34,0,0,0,220,40,42,48.8,Matches
91,Jonny Castro\e28868f3,es ESP,DF,Wolves,26,1994,5.5,0,0,0,8,10,0,6,7,5,0,0,0,38,8,4,66.7,Matches
92,Ivan Cavaleiro\979b811d,pt POR,FWMF,Fulham,26,1993,27.5,2,0,0,37,36,9,70,18,21,0,0,0,173,46,89,34.1,Matches
93,Edinson Cavani\527f063d,uy URU,FW,Manchester Utd,33,1987,15.3,4,0,0,21,15,6,5,10,11,0,0,0,73,9,19,32.1,Matches
94,Dani Ceballos\c0617e2b,es ESP,MF,Arsenal,23,1996,17.9,4,0,0,21,30,0,13,24,33,0,0,0,196,7,12,36.8,Matches
95,Calum Chambers\dc6f5bdd,eng ENG,DF,Arsenal,25,1995,8.4,0,0,0,9,2,0,27,14,3,0,0,0,94,23,17,57.5,Matches
96,Ben Chilwell\d2424d1b,eng ENG,DF,Chelsea,23,1996,25.4,3,0,0,27,44,8,93,29,29,0,0,0,198,44,36,55.0,Matches
97,Hamza Choudhury\7d2d3329,eng ENG,MF,Leicester City,22,1997,3.5,1,0,0,8,3,0,0,5,7,0,0,0,54,2,3,40.0,Matches
98,Andreas Christensen\1cb49278,dk DEN,DF,Chelsea,24,1996,15.2,2,1,0,12,10,0,1,26,12,0,0,0,131,45,22,67.2,Matches
99,Carney Chukwuemeka\b2f9c73e,eng ENG,FWMF,Aston Villa,16,2004,0.2,0,0,0,2,0,0,0,0,2,0,0,0,0,1,4,20.0,Matches
100,Ciaran Clark\2b91cf8e,ie IRL,DF,Newcastle Utd,30,1989,21.0,3,0,0,17,15,1,0,26,14,0,1,1,168,79,35,69.3,Matches
101,Nathaniel Clyne\0442183b,eng ENG,DF,Crystal Palace,29,1991,12.7,2,0,0,3,1,0,13,13,9,0,0,0,99,7,15,31.8,Matches
102,Conor Coady\2928dca2,eng ENG,DF,Wolves,27,1993,36.7,5,0,0,26,13,0,1,25,23,0,1,0,270,40,29,58.0,Matches
103,Séamus Coleman\0420d84f,ie IRL,DFMF,Everton,31,1988,17.9,0,0,0,17,19,0,32,20,26,0,0,0,155,13,13,50.0,Matches
104,Aaron Connolly\27c01749,ie IRL,FW,Brighton,20,2000,8.8,0,0,0,7,16,8,2,0,5,1,0,0,28,11,30,26.8,Matches
105,Liam Cooper\dc64b8b3,sct SCO,DF,Leeds United,28,1991,24.3,4,1,0,26,28,1,0,53,47,0,0,0,305,103,53,66.0,Matches
106,Theo Corbeanu\25b82f9a,ca CAN,FW,Wolves,18,2002,0.1,0,0,0,0,1,0,1,1,0,0,0,0,0,0,0,,Matches
107,Jack Cork\74e12f1e,eng ENG,MF,Burnley,31,1989,15.0,2,0,0,23,14,0,4,15,16,0,0,0,154,32,21,60.4,Matches
108,Hélder Costa\f13d02a6,ao ANG,MFFW,Leeds United,26,1994,12.8,0,0,0,24,19,3,16,6,15,0,0,1,68,4,25,13.8,Matches
109,Vladimír Coufal\fdf3cb77,cz CZE,DF,West Ham,27,1992,33.9,3,0,0,33,38,0,102,39,41,0,0,0,322,50,42,54.3,Matches
110,Aaron Cresswell\4f974391,eng ENG,DF,West Ham,30,1989,35.2,3,0,0,15,18,0,91,36,13,0,0,0,307,38,30,55.9,Matches
111,Patrick Cutrone\a4fe8cda,it ITA,FW,Wolves,22,1998,0.3,0,0,0,0,1,0,0,0,0,0,0,0,2,1,2,33.3,Matches
112,Stuart Dallas\67ca8566,nir NIR,DFMF,Leeds United,29,1991,37.9,7,0,0,45,59,0,56,59,52,0,0,0,367,41,37,52.6,Matches
113,Scott Dann\52105203,eng ENG,DF,Crystal Palace,33,1987,15.0,1,0,0,8,5,0,0,8,7,0,0,0,148,49,34,59.0,Matches
114,Karl Darlow\cde3309f,eng ENG,GK,Newcastle Utd,29,1990,25.0,3,0,0,0,4,0,0,1,0,0,0,0,103,0,0,,Matches
115,Ben Davies\44781702,wls WAL,DF,Tottenham,27,1993,15.0,1,0,0,25,12,1,24,13,13,1,0,0,101,34,20,63.0,Matches
116,Tom Davies\9228b07c,eng ENG,MF,Everton,22,1998,15.8,3,0,0,38,29,0,5,34,28,0,1,0,130,9,16,36.0,Matches
117,Keinan Davis\9deaf2c8,eng ENG,FWMF,Aston Villa,22,1998,3.1,0,0,0,4,9,0,6,0,3,0,0,0,12,17,17,50.0,Matches
118,Leif Davis\8574c61f,eng ENG,DF,Leeds United,20,2000,0.4,0,0,0,2,0,0,0,2,0,0,0,0,2,0,1,0.0,Matches
119,Craig Dawson\3e9e06cb,eng ENG,DF,West Ham,30,1990,21.4,5,1,1,22,13,2,0,39,11,0,0,2,153,65,28,69.9,Matches
120,Kevin De Bruyne\e46012d4,be BEL,MF,Manchester City,29,1991,22.2,1,0,0,27,42,1,65,16,31,2,0,0,157,8,14,36.4,Matches
121,Liam Delap\dd897ee7,eng ENG,FW,Manchester City,17,2003,0.4,0,0,0,1,0,0,0,0,0,0,0,0,0,1,1,50.0,Matches
122,Fabian Delph\111c3236,eng ENG,MFDF,Everton,30,1989,3.0,1,0,0,3,9,0,3,4,2,0,0,0,29,0,0,,Matches
123,Leander Dendoncker\5a7301ae,be BEL,MFDF,Wolves,25,1995,27.8,4,0,0,37,15,4,8,27,29,0,0,1,232,83,51,61.9,Matches
124,Mbaye Diagne\dda3969e,sn SEN,FW,West Brom,28,1991,13.2,2,0,0,18,26,17,5,2,4,0,0,0,48,48,100,32.4,Matches
125,Amad Diallo\9dc96f10,ci CIV,FW,Manchester Utd,18,2002,1.8,0,0,0,2,5,0,0,3,3,0,0,0,11,1,2,33.3,Matches
126,Ibrahima Diallo\11ff3d56,fr FRA,MF,Southampton,21,1999,11.3,3,0,0,31,18,0,7,16,25,0,1,0,126,8,19,29.6,Matches
127,Grady Diangana\f522d7ec,eng ENG,MFFW,West Brom,22,1998,13.7,0,0,0,13,40,4,15,14,19,0,0,0,80,15,37,28.8,Matches
128,Raphael Dias Belloli\3423f250,br BRA,MF,Leeds United,23,1996,26.2,3,0,0,22,39,15,75,31,19,0,0,0,159,12,38,24.0,Matches
129,Rúben Dias\31c69ef1,pt POR,DF,Manchester City,23,1997,31.6,4,0,0,26,23,1,2,22,21,0,2,1,272,60,28,68.2,Matches
130,Eric Dier\ac861941,eng ENG,DF,Tottenham,26,1994,28.0,3,0,0,16,14,0,4,23,15,0,2,0,269,90,48,65.2,Matches
131,Lucas Digne\1b84dbe1,fr FRA,DF,Everton,27,1993,29.8,2,1,0,38,30,4,132,26,40,0,0,0,285,94,39,70.7,Matches
132,Virgil van Dijk\e06683ca,nl NED,DF,Liverpool,29,1991,4.1,1,0,0,4,3,1,0,0,1,0,0,0,48,16,7,69.6,Matches
133,Issa Diop\a712ca2b,fr FRA,DF,West Ham,23,1997,15.3,3,0,0,9,7,1,1,14,19,0,0,1,111,30,20,60.0,Matches
134,Moussa Djenepo\254147d4,ml MLI,MF,Southampton,22,1998,13.8,5,0,0,34,44,3,10,10,22,1,1,0,119,11,33,25.0,Matches
135,Matt Doherty\d557d734,ie IRL,DF,Tottenham,28,1992,13.8,4,1,1,22,12,0,24,18,8,0,1,0,114,54,23,70.1,Matches
136,Gabriel Dos Santos\67ac5bb8,br BRA,DF,Arsenal,22,1997,22.2,4,1,1,22,29,0,3,23,17,0,1,0,177,69,45,60.5,Matches
137,Abdoulaye Doucouré\02b29014,ml MLI,MF,Everton,27,1993,27.1,6,0,0,34,16,0,10,35,42,0,0,0,304,37,26,58.7,Matches
138,Martin Dúbravka\3a949a25,sk SVK,GK,Newcastle Utd,31,1989,13.0,0,0,0,0,4,0,0,0,0,0,0,0,65,0,0,,Matches
139,Paul Dummett\3fe6bd8c,wls WAL,DF,Newcastle Utd,28,1991,13.9,2,0,0,10,4,0,9,17,11,0,0,0,72,39,31,55.7,Matches
140,Lewis Dunk\282f75f3,eng ENG,DF,Brighton,28,1991,32.6,5,2,0,20,21,2,1,29,19,0,0,1,408,69,40,63.3,Matches
141,Jimmy Dunne\1fdfd6da,ie IRL,DF,Burnley,22,1997,3.0,1,0,0,3,3,0,0,3,2,0,0,0,59,23,7,76.7,Matches
142,Ederson\3bb7b8b4,br BRA,GK,Manchester City,26,1993,36.0,3,0,0,1,4,0,0,0,0,0,0,0,132,0,0,,Matches
143,Kyle Edwards\1566e437,eng ENG,MFFW,West Brom,22,1998,1.3,0,0,0,1,3,0,1,1,0,0,0,0,9,0,0,,Matches
144,John Egan\debe38a0,ie IRL,DF,Sheffield Utd,27,1992,29.2,7,1,0,33,10,0,2,41,30,0,0,0,259,86,57,60.1,Matches
145,Anthony Elanga\2fba6108,se SWE,FW,Manchester Utd,18,2002,1.7,0,0,0,2,4,1,1,1,1,0,0,0,7,2,4,33.3,Matches
146,Ahmed Elmohamady\615ef733,eg EGY,DF,Aston Villa,32,1987,9.3,2,0,0,8,2,0,32,27,13,0,0,0,97,27,9,75.0,Matches
147,Mohamed Elneny\47a34c4f,eg EGY,MF,Arsenal,28,1992,17.2,3,0,0,18,16,0,3,20,11,0,0,0,144,8,19,29.6,Matches
148,Jonny Evans\f8fcd2a5,nir NIR,DF,Leicester City,32,1988,27.5,7,0,0,21,15,1,2,41,12,0,0,1,354,93,38,71.0,Matches
149,Eberechi Eze\ae4fc6a4,eng ENG,MF,Crystal Palace,22,1998,28.4,3,0,0,21,83,1,26,29,22,0,0,0,203,12,32,27.3,Matches
150,Łukasz Fabiański\9328b835,pl POL,GK,West Ham,35,1985,35.0,2,0,0,1,6,0,0,0,0,0,1,0,164,0,0,,Matches
151,Fabinho\7f3b388c,br BRA,DFMF,Liverpool,26,1993,28.5,6,0,0,39,31,0,2,49,51,1,2,0,319,62,52,54.4,Matches
152,Bruno Fernandes\507c7bdf,pt POR,MF,Manchester Utd,25,1994,34.4,6,0,0,50,68,3,91,22,39,0,1,0,239,13,43,23.2,Matches
153,Federico Fernández\f25b010f,ar ARG,DF,Newcastle Utd,31,1989,23.1,4,0,0,16,15,0,10,17,17,0,1,1,158,46,36,56.1,Matches
154,Fernandinho\101da2b5,br BRA,MF,Manchester City,35,1985,13.2,6,0,0,31,10,0,6,26,22,0,0,0,132,29,18,61.7,Matches
155,Sam Field\bd8a7d05,eng ENG,MF,West Brom,22,1998,0.7,0,0,0,2,1,0,0,0,7,0,0,0,12,1,2,33.3,Matches
156,Roberto Firmino\4c370d81,br BRA,FW,Liverpool,28,1991,31.5,2,0,0,23,31,4,32,10,22,0,0,0,204,25,87,22.3,Matches
157,John Fleck\b63e789d,sct SCO,MF,Sheffield Utd,28,1991,28.6,4,0,0,42,35,1,35,39,27,0,0,0,235,9,19,32.1,Matches
158,Phil Foden\ed1e53f3,eng ENG,FWMF,Manchester City,20,2000,18.0,0,0,0,17,39,3,36,12,16,0,0,0,93,14,30,31.8,Matches
159,Wesley Fofana\132a82f1,fr FRA,DF,Leicester City,19,2000,25.1,7,0,0,44,34,2,1,51,41,1,1,0,279,94,56,62.7,Matches
160,Pablo Fornals\82927de4,es ESP,FWMF,West Ham,24,1996,28.6,3,0,0,34,28,7,33,33,29,0,0,0,216,25,37,40.3,Matches
161,Fraser Forster\c3e39f12,eng ENG,GK,Southampton,32,1988,8.0,0,0,0,1,5,0,0,0,0,0,1,0,40,0,0,,Matches
162,Timothy Fosu-Mensah\a9142dc3,nl NED,DF,Manchester Utd,22,1998,0.9,1,0,0,1,0,1,5,1,1,0,0,0,11,1,0,100.0,Matches
163,Tyrese Francois\6722d4f0,au AUS,DF,Fulham,20,2000,0.2,0,0,0,0,0,0,0,0,0,0,0,0,0,0,1,0.0,Matches
164,Ryan Fraser\d56543a0,sct SCO,FWMF,Newcastle Utd,26,1994,10.3,2,1,1,5,20,0,52,3,1,1,0,0,58,5,26,16.1,Matches
165,Fred\b853e0ad,br BRA,MF,Manchester Utd,27,1993,26.6,5,0,0,67,41,1,7,47,55,0,0,0,311,10,14,41.7,Matches
166,Ryan Fredericks\c067631c,eng ENG,DFFW,West Ham,27,1992,6.3,2,0,0,16,10,1,18,8,6,0,0,0,56,9,14,39.1,Matches
167,Christian Fuchs\a67a09fb,at AUT,DF,Leicester City,34,1986,7.8,4,0,0,16,6,0,8,12,9,0,1,0,80,24,14,63.2,Matches
168,Darnell Furlong\3ec9195b,eng ENG,DF,West Brom,24,1995,32.6,5,0,0,35,38,3,74,28,17,0,2,1,212,129,75,63.2,Matches
169,Conor Gallagher\c2731c10,eng ENG,MF,West Brom,20,2000,28.1,11,0,0,63,75,0,32,39,53,0,0,0,271,24,37,39.3,Matches
170,Eric García\2bed3eab,es ESP,DF,Manchester City,19,2001,4.3,0,0,0,4,1,0,0,5,4,0,1,0,38,3,6,33.3,Matches
171,Dwight Gayle\e58a03c6,eng ENG,FWMF,Newcastle Utd,29,1990,5.7,0,0,0,6,7,3,2,1,4,0,0,0,28,7,16,30.4,Matches
172,Jean-Philippe Gbamin\6bd603db,ci CIV,MF,Everton,24,1995,0.1,0,0,0,0,0,0,0,0,1,0,0,0,3,0,0,,Matches
173,David de Gea\7ba6d84e,es ESP,GK,Manchester Utd,29,1990,25.5,0,0,0,0,3,0,0,0,0,0,0,0,83,0,0,,Matches
174,Anwar El Ghazi\ffa90327,nl NED,FW,Aston Villa,25,1995,17.9,2,0,0,23,32,5,61,10,10,0,0,0,81,30,50,37.5,Matches
175,Kieran Gibbs\46ee5234,eng ENG,DF,West Brom,30,1989,9.0,1,1,0,8,2,0,11,14,6,0,0,0,80,10,12,45.5,Matches
176,Morgan Gibbs-White\32f60ed8,eng ENG,MFFW,Wolves,20,2000,4.6,1,0,0,5,11,1,8,4,6,0,0,0,38,2,7,22.2,Matches
177,Billy Gilmour\df10e27c,sct SCO,MF,Chelsea,19,2001,2.9,0,0,0,4,3,0,3,5,1,0,1,0,25,2,1,66.7,Matches
178,Olivier Giroud\16ceb862,fr FRA,FW,Chelsea,33,1986,8.3,1,0,0,17,8,6,3,4,4,0,0,0,38,20,33,37.7,Matches
179,Ben Godfrey\9f7c837d,eng ENG,DF,Everton,22,1998,29.8,4,0,0,18,19,3,7,44,29,0,1,1,239,71,36,66.4,Matches
180,André Gomes\1961b2aa,pt POR,MF,Everton,27,1993,17.4,3,0,0,50,22,2,17,15,34,0,1,0,175,19,17,52.8,Matches
181,Joe Gomez\7a11550b,eng ENG,DF,Liverpool,23,1997,6.6,0,0,0,9,6,0,0,5,2,0,1,0,107,26,23,53.1,Matches
182,Anthony Gordon\2bd83368,eng ENG,FWMF,Everton,19,2001,1.0,0,0,0,0,3,1,1,1,2,0,0,0,9,1,2,33.3,Matches
183,Karlan Grant\87f7500e,eng ENG,FWMF,West Brom,22,1997,12.5,1,0,0,11,17,7,9,11,3,0,0,0,53,13,63,17.1,Matches
184,Demarai Gray\4468ec10,eng ENG,FW,Leicester City,24,1996,0.2,0,0,0,0,0,0,1,0,1,0,0,0,2,0,0,,Matches
185,Jack Grealish\b0b4fd3e,eng ENG,FWMF,Aston Villa,24,1995,24.3,6,0,0,44,123,7,59,13,19,2,0,0,199,24,40,37.5,Matches
186,Mason Greenwood\58eee997,eng ENG,FW,Manchester Utd,18,2001,20.2,2,0,0,22,26,4,30,9,12,0,0,0,93,7,17,29.2,Matches
187,Pascal Groß\8aec0537,de GER,MFDF,Brighton,29,1991,27.6,3,0,0,22,18,5,98,25,24,1,0,0,227,22,47,31.9,Matches
188,Kamil Grosicki\81d8091f,pl POL,FWMF,West Brom,32,1988,1.6,0,0,0,1,0,0,3,0,0,0,0,0,14,0,1,0.0,Matches
189,Vicente Guaita\ab13a5aa,es ESP,GK,Crystal Palace,33,1987,37.0,2,0,0,0,8,0,0,0,0,0,0,0,168,0,1,0.0,Matches
190,İlkay Gündoğan\819b3158,de GER,MF,Manchester City,29,1990,22.5,1,0,0,14,28,1,19,19,18,1,0,0,170,14,16,46.7,Matches
191,Antwoine Hackford\a7588cdc,eng ENG,FWDF,Sheffield Utd,16,2004,0.1,0,0,0,0,0,0,0,0,0,0,0,0,1,0,1,0.0,Matches
192,Sébastien Haller\ba115a40,ci CIV,FW,West Ham,26,1994,10.4,0,0,0,31,21,11,4,5,4,0,0,0,36,61,78,43.9,Matches
193,Rekeem Harper\3c066877,eng ENG,MF,West Brom,20,2000,0.4,0,0,0,1,0,0,0,0,1,0,0,0,6,0,0,,Matches
194,Jack Harrison\aa849a12,eng ENG,MF,Leeds United,23,1996,31.6,2,0,0,33,33,12,119,25,35,0,0,0,208,30,41,42.3,Matches
195,Kortney Hause\bf8fad51,eng ENG,DF,Aston Villa,25,1995,7.0,2,0,0,8,4,0,2,12,4,0,0,0,71,47,14,77.0,Matches
196,Kai Havertz\fed7cb61,de GER,MFFW,Chelsea,21,1999,16.9,2,0,0,31,25,7,16,11,11,2,0,0,111,25,28,47.2,Matches
197,Isaac Hayden\c951a6df,eng ENG,MFDF,Newcastle Utd,25,1995,21.6,8,0,0,46,20,1,12,46,34,0,0,0,217,55,37,59.8,Matches
198,Michael Hector\5f1a2f31,jm JAM,DF,Fulham,28,1992,2.9,2,0,0,7,3,0,0,0,5,0,0,0,25,5,3,62.5,Matches
199,Ahmed Hegazi\5540c9dc,eg EGY,DF,West Brom,29,1991,1.0,0,0,0,0,0,0,0,0,0,0,0,0,21,8,3,72.7,Matches
200,Dean Henderson\e5a76dfe,eng ENG,GK,Manchester Utd,23,1997,12.5,3,0,0,0,0,0,0,0,0,0,0,0,50,0,0,,Matches
201,Jordan Henderson\935e6b8f,eng ENG,MFDF,Liverpool,30,1990,18.9,0,0,0,12,15,0,14,30,9,0,0,0,240,14,6,70.0,Matches
202,Jeff Hendrick\989d5705,ie IRL,MF,Newcastle Utd,28,1992,15.8,3,1,1,15,12,3,5,12,4,0,0,0,138,15,29,34.1,Matches
203,Pablo Hernández\c0398aca,es ESP,MFFW,Leeds United,35,1985,4.7,1,0,0,3,6,0,11,5,2,0,0,0,51,0,3,0.0,Matches
204,Son Heung-min\92e7e919,kr KOR,FW,Tottenham,28,1992,34.6,0,0,0,16,61,16,54,23,17,0,0,0,161,24,67,26.4,Matches
205,Ki-Jana Hoever\9a71e978,nl NED,DF,Wolves,18,2002,6.4,1,0,0,5,7,1,15,10,10,0,0,0,63,8,11,42.1,Matches
206,Rob Holding\d79a8c87,eng ENG,DF,Arsenal,24,1995,28.4,2,0,0,31,6,2,3,23,21,0,0,1,248,70,55,56.0,Matches
207,Mason Holgate\d0042ab9,eng ENG,DF,Everton,23,1996,25.4,9,0,0,31,31,1,27,41,38,0,0,0,201,42,23,64.6,Matches
208,Conor Hourihane\fcab00a0,ie IRL,MF,Aston Villa,29,1991,2.5,0,0,0,1,0,0,12,0,0,0,0,0,12,3,0,100.0,Matches
209,Callum Hudson-Odoi\15f3ec41,eng ENG,FWDF,Chelsea,19,2000,11.8,0,0,0,12,8,5,46,10,12,0,0,0,73,5,11,31.3,Matches
210,Niall Huggins\6d646ff7,wls WAL,DF,Leeds United,19,2000,0.4,0,0,0,1,1,0,1,0,0,0,0,0,7,0,0,,Matches
211,Pierre Højbjerg\8b04d6c1,dk DEN,MF,Tottenham,24,1995,38.0,9,0,0,80,67,0,11,49,82,0,1,0,429,52,40,56.5,Matches
212,Odion Ighalo\03622183,ng NGA,FW,Manchester Utd,31,1989,0.1,0,0,0,0,0,0,0,0,0,0,0,0,0,0,3,0.0,Matches
213,Kelechi Iheanacho\c92e1a31,ng NGA,FW,Leicester City,23,1996,16.2,1,0,0,29,15,9,12,4,9,0,1,0,71,9,43,17.3,Matches
214,Danny Ings\07802f7f,eng ENG,FW,Southampton,28,1992,24.1,1,0,0,27,22,20,24,7,13,0,1,0,109,21,62,25.3,Matches
215,Branislav Ivanović\85f8571a,rs SRB,DF,West Brom,36,1984,8.5,2,0,0,13,4,1,0,3,5,0,0,0,84,19,13,59.4,Matches
216,Alex Iwobi\6ca5ec4b,ng NGA,FWDF,Everton,24,1996,17.1,0,0,0,15,19,0,52,18,21,0,0,0,118,4,8,33.3,Matches
217,José Izquierdo\ca2bc3df,co COL,DF,Brighton,28,1992,0.1,0,0,0,0,0,0,1,0,0,0,0,0,1,0,0,,Matches
218,Phil Jagielka\3233eefd,eng ENG,DF,Sheffield Utd,37,1982,5.8,1,1,0,8,1,0,1,12,4,0,0,1,45,15,10,60.0,Matches
219,Alireza Jahanbakhsh\08452314,ir IRN,FWMF,Brighton,26,1993,5.9,3,0,0,11,5,0,28,7,5,0,0,0,41,4,13,23.5,Matches
220,Daniel James\c931d9f9,wls WAL,FW,Manchester Utd,22,1997,10.1,3,0,0,15,22,4,18,10,9,0,0,0,59,6,13,31.6,Matches
221,Reece James\1265a93a,eng ENG,DF,Chelsea,20,1999,26.4,3,0,0,36,21,1,100,41,36,0,1,0,216,36,28,56.3,Matches
222,Alexandre Jankewitz\7c39363f,ch SUI,MF,Southampton,18,2001,0.0,0,1,0,0,1,0,0,0,0,0,0,0,1,0,0,,Matches
223,Daniel Jebbison\03edb878,eng ENG,FW,Sheffield Utd,17,2003,3.2,0,0,0,8,4,1,1,3,0,0,0,0,16,5,21,19.2,Matches
224,Gabriel Jesus\b66315ae,br BRA,FW,Manchester City,23,1997,22.9,2,0,0,33,51,17,10,19,13,1,1,0,103,14,62,18.4,Matches
225,Raúl Jiménez\b561db50,mx MEX,FW,Wolves,29,1991,9.1,0,0,0,9,19,4,3,6,4,0,0,1,45,17,19,47.2,Matches
226,Joelinton\c17bfb65,br BRA,FWMF,Newcastle Utd,23,1996,22.0,3,0,0,35,43,6,14,20,26,1,0,0,135,98,115,46.0,Matches
227,Ben Johnson\9319781b,eng ENG,DF,West Ham,20,2000,5.8,1,0,0,7,3,0,14,11,3,0,0,0,44,5,6,45.5,Matches
228,Sam Johnstone\9e5708be,eng ENG,GK,West Brom,27,1993,37.0,1,0,0,1,5,0,0,0,0,0,1,0,195,0,0,,Matches
229,Curtis Jones\4fb9c88f,eng ENG,MF,Liverpool,19,2001,13.1,2,0,0,19,18,1,7,17,16,0,0,0,121,12,21,36.4,Matches
230,Jorginho\45db685d,it ITA,MF,Chelsea,28,1991,22.3,2,0,0,40,36,0,1,51,38,0,1,0,221,16,17,48.5,Matches
231,Willian José\d87e2cae,br BRA,FW,Wolves,28,1991,12.3,0,0,0,9,13,2,7,7,2,1,0,0,55,22,30,42.3,Matches
232,Diogo Jota\178ae8f8,pt POR,FW,Liverpool,23,1996,12.4,2,0,0,29,22,1,16,8,10,0,0,0,76,14,38,26.9,Matches
233,James Justin\fb614c44,eng ENG,DF,Leicester City,22,1998,23.0,4,0,0,18,40,3,48,25,28,2,0,0,201,28,44,38.9,Matches
234,Ozan Kabak\2d61d13a,tr TUR,DF,Liverpool,20,2000,8.9,3,0,0,13,5,0,0,12,10,0,0,0,83,28,22,56.0,Matches
235,Aboubakar Kamara\4047c976,mr MTN,FWDF,Fulham,25,1995,3.5,1,1,0,10,3,0,12,2,2,0,1,0,25,8,7,53.3,Matches
236,Harry Kane\21a66f6a,eng ENG,FW,Tottenham,27,1993,34.2,1,0,0,28,70,12,37,15,12,2,0,0,155,90,129,41.1,Matches
237,N'Golo Kanté\b9fbae28,fr FRA,MF,Chelsea,29,1991,23.8,7,0,0,50,12,0,8,62,57,0,0,0,284,19,31,38.0,Matches
238,Moise Kean\3d50bcdb,it ITA,FW,Everton,20,2000,0.2,0,0,0,1,0,0,0,0,0,0,0,0,2,0,0,,Matches
239,Michael Keane\c5b7c315,eng ENG,DF,Everton,27,1993,33.2,4,0,0,20,9,0,0,43,15,0,0,0,272,125,47,72.7,Matches
240,Neeskens Kebano\18b999f4,cd COD,FWMF,Fulham,28,1992,1.3,0,0,0,3,2,1,4,0,1,0,0,0,7,0,1,0.0,Matches
241,Naby Keïta\f25c8e3a,gn GUI,MF,Liverpool,25,1995,5.8,1,0,0,17,6,0,4,12,5,0,0,0,56,5,8,38.5,Matches
242,Caoimhín Kelleher\62d7ef38,ie IRL,GK,Liverpool,21,1998,2.0,0,0,0,0,0,0,0,0,0,0,0,0,6,0,0,,Matches
243,Martin Kelly\d7492450,eng ENG,DF,Crystal Palace,30,1990,0.0,0,0,0,0,0,0,0,0,0,0,0,0,2,0,0,,Matches
244,Jonjoe Kenny\099e666f,eng ENG,DFFW,Everton,23,1997,0.9,0,0,0,0,0,1,3,1,0,0,0,0,8,0,0,,Matches
245,Reda Khadra\88acf83f,de GER,FW,Brighton,19,2001,0.1,0,0,0,0,0,0,0,0,0,0,0,0,0,0,1,0.0,Matches
246,Max Kilman\d0f72bf1,eng ENG,DF,Wolves,23,1997,14.6,4,0,0,21,5,1,0,18,20,0,1,0,100,23,23,50.0,Matches
247,Joshua King\43458538,no NOR,MFFW,Everton,28,1992,1.6,0,0,0,4,2,3,1,1,1,0,0,0,12,4,6,40.0,Matches
248,Mateusz Klich\282679b4,pl POL,MF,Leeds United,30,1990,26.6,6,0,0,50,24,5,37,17,43,0,1,0,267,17,21,44.7,Matches
249,Robin Koch\ea6bc03a,de GER,DFMF,Leeds United,24,1996,12.6,1,0,0,25,8,0,1,13,18,0,2,0,159,40,25,61.5,Matches
250,Sead Kolašinac\3935e52e,ba BIH,DF,Arsenal,27,1993,1.0,0,0,0,1,2,0,0,0,0,0,0,0,12,1,1,50.0,Matches
251,Terence Kongolo\1f9a3a04,nl NED,DF,Fulham,26,1994,1.0,0,0,0,1,1,0,1,0,4,0,0,0,8,2,3,40.0,Matches
252,Ezri Konsa\0313a347,eng ENG,DF,Aston Villa,22,1997,35.5,3,0,0,22,57,1,2,27,22,0,1,0,289,90,62,59.2,Matches
253,Cheikhou Kouyaté\8d3c902d,sn SEN,DF,Crystal Palace,30,1989,34.7,4,0,0,43,20,0,4,38,36,0,0,0,310,94,51,64.8,Matches
254,Mateo Kovačić\79c0821a,hr CRO,MF,Chelsea,26,1994,20.2,4,0,0,21,55,0,6,22,36,0,0,0,158,11,10,52.4,Matches
255,Emil Krafth\77cf6852,se SWE,DF,Newcastle Utd,25,1994,14.3,4,0,0,17,9,1,12,21,16,0,0,0,104,22,22,50.0,Matches
256,Filip Krovinović\c2dfedeb,hr CRO,MF,West Brom,24,1995,6.1,0,0,0,10,11,0,5,2,10,0,0,0,70,8,13,38.1,Matches
257,Alexandre Lacazette\9dbb75ca,fr FRA,FW,Arsenal,29,1991,21.4,3,0,0,41,68,10,4,14,19,1,0,0,99,30,61,33.0,Matches
258,Adam Lallana\99813635,eng ENG,MFFW,Brighton,32,1988,17.7,0,0,0,23,26,3,17,16,26,0,1,0,158,13,32,28.9,Matches
259,Érik Lamela\abe66106,ar ARG,FWMF,Tottenham,28,1992,8.0,6,1,1,27,16,0,9,4,11,0,0,0,48,5,17,22.7,Matches
260,Tariq Lamptey\f4e433d4,eng ENG,DF,Brighton,19,2000,9.8,4,1,1,21,32,1,30,13,10,2,1,0,83,5,12,29.4,Matches
261,Manuel Lanzini\26f6dca8,ar ARG,MFFW,West Ham,27,1993,6.3,1,0,0,7,11,2,2,6,6,0,0,0,67,1,9,10.0,Matches
262,Aymeric Laporte\119b9a8e,es ESP,DF,Manchester City,26,1994,14.9,1,0,0,9,11,2,0,8,6,0,1,0,139,46,18,71.9,Matches
263,Jamaal Lascelles\450ab6fc,eng ENG,DF,Newcastle Utd,26,1993,18.1,4,0,0,20,9,0,1,15,12,0,0,0,142,53,20,72.6,Matches
264,Maxime Le Marchand\321a71a7,fr FRA,DF,Fulham,30,1989,1.4,2,0,0,3,1,0,0,0,1,0,0,0,11,4,3,57.1,Matches
265,Mario Lemina\2b471f99,ga GAB,MF,Fulham,26,1993,18.9,5,0,0,38,19,0,5,43,36,1,0,0,191,19,27,41.3,Matches
266,Bernd Leno\2628fd2b,de GER,GK,Arsenal,28,1992,34.8,0,1,0,1,5,0,0,0,0,0,0,1,149,0,0,,Matches
267,Khanya Leshabela\383e68b1,za RSA,MF,Leicester City,20,1999,0.1,0,0,0,0,0,0,0,0,0,0,0,0,2,0,0,,Matches
268,Jamal Lewis\efb9215a,nir NIR,DF,Newcastle Utd,22,1998,20.4,4,0,0,26,18,1,32,20,26,0,1,0,153,14,18,43.8,Matches
269,Victor Lindelöf\f5deef4c,se SWE,DF,Manchester Utd,26,1994,28.7,0,0,0,28,10,1,1,32,16,0,1,0,265,69,36,65.7,Matches
270,Jesse Lingard\810e3c74,eng ENG,MFFW,West Ham,27,1992,15.8,3,0,0,24,35,6,23,7,10,2,0,0,88,0,6,0.0,Matches
271,Jake Livermore\b98570d1,eng ENG,MF,West Brom,30,1989,13.8,2,1,0,36,7,0,4,19,19,0,0,1,143,18,19,48.6,Matches
272,Diego Llorente\bba30585,es ESP,DF,Leeds United,26,1993,13.4,1,0,0,24,12,0,2,41,27,0,0,0,117,40,26,60.6,Matches
273,Hugo Lloris\8f62b6ee,fr FRA,GK,Tottenham,33,1986,38.0,0,0,0,0,6,0,0,0,0,0,0,0,152,0,0,,Matches
274,Giovani Lo Celso\d7553721,ar ARG,MF,Tottenham,24,1996,10.5,5,0,0,24,21,0,3,8,23,0,0,0,105,11,18,37.9,Matches
275,Ruben Loftus-Cheek\e97fd090,eng ENG,FW,Chelsea,24,1996,0.7,0,0,0,1,2,0,0,1,0,0,0,0,5,1,3,25.0,Matches
276,Ruben Loftus-Cheek\e97fd090,eng ENG,MFFW,Fulham,24,1996,21.2,3,0,0,36,60,3,13,23,22,1,0,0,134,43,81,34.7,Matches
277,Kevin Long\5a4280b1,ie IRL,DF,Burnley,29,1990,7.1,2,0,0,10,3,0,1,4,8,0,0,0,88,22,21,51.2,Matches
278,Shane Long\9f472354,ie IRL,FW,Southampton,33,1987,2.3,0,0,0,8,6,3,0,2,0,0,0,0,18,15,14,51.7,Matches
279,Matthew Longstaff\c0027d2d,eng ENG,MF,Newcastle Utd,20,2000,4.2,0,0,0,4,5,0,3,6,3,0,0,0,44,6,5,54.5,Matches
280,Sean Longstaff\a2b105e0,eng ENG,MF,Newcastle Utd,22,1997,15.7,2,0,0,26,23,0,7,19,21,0,0,0,118,12,15,44.4,Matches
281,Ademola Lookman\7c104bb7,ng NGA,FWMF,Fulham,22,1997,30.5,5,0,0,55,67,12,64,25,29,0,0,0,200,7,36,16.3,Matches
282,Max Lowe\7af88b33,eng ENG,DF,Sheffield Utd,23,1997,6.1,1,0,0,11,3,0,17,3,14,0,0,0,43,5,19,20.8,Matches
283,Matthew Lowton\9a9c05db,eng ENG,DF,Burnley,31,1989,34.0,5,0,0,26,15,0,57,55,36,0,0,0,315,38,24,61.3,Matches
284,David Luiz\c0e27d1a,br BRA,DF,Arsenal,33,1987,15.5,1,1,0,16,7,1,7,12,9,0,0,0,115,30,12,71.4,Matches
285,Douglas Luiz\6f7d826d,br BRA,MF,Aston Villa,22,1998,30.9,10,1,1,68,55,0,13,33,43,0,2,0,375,40,43,48.2,Matches
286,John Lundstram\0df2b165,eng ENG,MF,Sheffield Utd,26,1994,22.6,8,1,0,33,24,1,31,21,12,0,0,0,171,18,15,54.5,Matches
287,Alexis Mac Allister\83d074ff,ar ARG,MFFW,Brighton,21,1998,12.4,1,0,0,22,20,0,7,11,18,0,0,0,102,10,24,29.4,Matches
288,James Maddison\ee38d9c5,eng ENG,MFFW,Leicester City,23,1996,23.3,4,0,0,28,71,5,40,11,27,2,0,0,149,3,18,14.3,Matches
289,Harry Maguire\d8931174,eng ENG,DF,Manchester Utd,27,1993,33.9,11,0,0,43,36,1,4,61,18,0,0,0,392,145,42,77.5,Matches
290,Riyad Mahrez\892d5bb1,dz ALG,FW,Manchester City,29,1991,21.7,0,0,0,18,37,7,60,6,15,0,0,0,123,15,18,45.5,Matches
291,Ainsley Maitland-Niles\e3a5814e,eng ENG,DF,Arsenal,22,1997,5.4,0,0,0,6,3,2,4,13,11,1,0,0,44,5,4,55.6,Matches
292,Ainsley Maitland-Niles\e3a5814e,eng ENG,MF,West Brom,22,1997,13.7,2,0,0,12,18,0,12,25,14,1,0,0,124,8,22,26.7,Matches
293,Josh Maja\bc0bfc64,ng NGA,FWMF,Fulham,21,1998,9.0,0,0,0,10,12,2,0,4,6,0,0,0,41,9,36,20.0,Matches
294,Sadio Mané\c691bfe2,sn SEN,FW,Liverpool,28,1992,31.2,3,0,0,57,84,31,63,15,32,1,0,0,160,28,80,25.9,Matches
295,Javier Manquillo\758dd7f0,es ESP,DF,Newcastle Utd,26,1994,9.2,1,0,0,8,7,0,20,8,14,0,0,0,75,17,10,63.0,Matches
296,Fernando Marçal\9ae9eaea,br BRA,DF,Wolves,31,1989,6.9,2,0,0,16,4,0,10,8,4,0,0,0,56,9,11,45.0,Matches
297,Solly March\bb5fbd2b,eng ENG,DF,Brighton,26,1994,18.6,0,0,0,28,26,2,71,19,35,0,1,0,186,17,22,43.6,Matches
298,Pablo Marí\aa54ec6f,es ESP,DF,Arsenal,26,1993,10.0,2,0,0,10,5,0,0,5,11,0,1,0,72,29,16,64.4,Matches
299,Anthony Martial\8b788c01,fr FRA,FW,Manchester Utd,24,1995,16.4,0,1,0,19,35,15,12,4,1,4,0,0,62,15,23,39.5,Matches
300,Martinelli\48a5a5d6,br BRA,FW,Arsenal,19,2001,6.5,0,0,0,8,6,1,14,8,1,0,0,0,33,6,14,30.0,Matches
301,Emiliano Martínez\7956236f,ar ARG,GK,Aston Villa,27,1992,38.0,1,0,0,1,7,0,0,0,0,0,0,0,178,0,0,,Matches
302,Arthur Masuaku\57df7a11,cd COD,DFFW,West Ham,26,1993,11.2,2,0,0,13,10,1,33,6,13,0,1,0,101,10,17,37.0,Matches
303,Juan Mata\29733c72,es ESP,FWMF,Manchester Utd,32,1988,5.7,0,0,0,1,6,2,7,2,2,0,0,0,28,1,3,25.0,Matches
304,Jean-Philippe Mateta\50e6dc35,fr FRA,FW,Crystal Palace,23,1997,2.5,0,0,0,4,1,5,1,1,1,0,0,0,9,13,13,50.0,Matches
305,Nemanja Matić\eb7822d7,rs SRB,MF,Manchester Utd,31,1988,12.3,2,0,0,18,8,0,6,18,15,0,0,0,127,19,8,70.4,Matches
306,Joël Matip\b217ef29,cm CMR,DF,Liverpool,28,1991,7.7,2,0,0,10,6,0,0,4,11,0,0,0,82,24,11,68.6,Matches
307,Neal Maupay\4bcf39f6,fr FRA,FWMF,Brighton,23,1996,27.9,1,1,0,35,51,12,11,12,18,1,1,0,117,26,68,27.7,Matches
308,James McArthur\cee31595,sct SCO,MF,Crystal Palace,32,1987,16.3,3,0,0,34,16,0,7,23,26,0,0,0,207,20,20,50.0,Matches
309,Oliver McBurnie\78b8ac63,sct SCO,FW,Sheffield Utd,24,1996,14.7,2,0,0,29,29,4,3,8,7,1,0,0,65,140,119,54.1,Matches
310,Alex McCarthy\36c2ca73,eng ENG,GK,Southampton,30,1989,30.0,2,0,0,0,2,0,0,0,0,0,0,0,130,0,0,,Matches
311,James McCarthy\64b08de7,ie IRL,MF,Crystal Palace,29,1990,9.1,1,0,0,10,8,0,5,8,8,0,0,0,112,7,8,46.7,Matches
312,John McGinn\90f91999,sct SCO,MF,Aston Villa,25,1994,37.0,12,0,0,56,94,2,30,45,46,1,0,0,304,27,50,35.1,Matches
313,David McGoldrick\dbe56a33,ie IRL,FWMF,Sheffield Utd,32,1987,26.6,7,0,0,54,43,17,24,12,16,0,0,0,146,94,133,41.4,Matches
314,Dwight McNeil\fc15fb84,eng ENG,MF,Burnley,20,1999,34.1,1,0,0,13,46,2,114,38,22,0,0,0,272,22,30,42.3,Matches
315,Scott McTominay\d93c2511,sct SCO,MF,Manchester Utd,23,1996,23.7,3,0,0,51,48,1,9,51,29,0,0,0,215,49,34,59.0,Matches
316,Ben Mee\8df7a2fb,eng ENG,DF,Burnley,30,1989,29.9,3,0,0,23,20,1,1,35,24,0,0,0,338,128,57,69.2,Matches
317,Hannibal Mejbri\ca22ccb0,tn TUN,MF,Manchester Utd,17,2003,0.1,0,0,0,0,1,0,0,0,0,0,0,0,1,0,0,,Matches
318,Benjamin Mendy\5271c8f1,fr FRA,DF,Manchester City,26,1994,10.6,2,0,0,15,2,1,26,6,10,0,1,0,81,11,13,45.8,Matches
319,Edouard Mendy\33887998,sn SEN,GK,Chelsea,28,1992,30.5,2,0,0,1,3,0,0,0,0,0,1,0,118,0,1,0.0,Matches
320,Nampalys Mendy\1598599e,sn SEN,MF,Leicester City,28,1992,16.2,5,0,0,26,40,0,0,9,22,0,0,0,199,12,17,41.4,Matches
321,Illan Meslier\6b625ac2,fr FRA,GK,Leeds United,20,2000,35.0,0,0,0,1,9,0,0,0,0,0,1,1,173,0,0,,Matches
322,Luka Milivojević\2ce2508a,rs SRB,MF,Crystal Palace,29,1991,26.2,8,1,0,48,33,0,15,44,44,0,0,0,270,33,23,58.9,Matches
323,James Milner\2f90f6b8,eng ENG,MFDF,Liverpool,34,1986,11.9,3,0,0,20,13,0,17,16,14,0,0,0,141,25,14,64.1,Matches
324,Yerry Mina\6d5701f2,co COL,DF,Everton,25,1994,21.5,2,0,0,22,11,0,0,13,12,0,0,0,168,68,27,71.6,Matches
325,Takumi Minamino\f833a830,jp JPN,MFFW,Southampton,25,1995,7.9,1,0,0,7,13,1,7,8,2,0,0,0,62,4,11,26.7,Matches
326,Takumi Minamino\f833a830,jp JPN,MFFW,Liverpool,25,1995,3.3,0,0,0,6,4,1,3,0,3,0,0,0,21,3,2,60.0,Matches
327,Tyrone Mings\8397a50c,eng ENG,DF,Aston Villa,27,1993,35.5,6,1,1,22,22,3,2,38,18,0,0,1,370,109,35,75.7,Matches
328,Tyrick Mitchell\5cbd1eb0,eng ENG,DF,Crystal Palace,20,1999,19.0,1,0,0,9,11,0,22,30,29,0,1,0,123,16,13,55.2,Matches
329,Aleksandar Mitrović\3925dbd6,rs SRB,FW,Fulham,25,1994,15.6,3,0,0,23,28,3,8,3,9,0,1,0,55,68,76,47.2,Matches
330,Jakub Moder\f230bc30,pl POL,DFMF,Brighton,21,1999,7.2,0,0,0,14,6,2,13,8,8,0,0,0,47,6,12,33.3,Matches
331,Jayson Molumby\c908a1bc,ie IRL,MF,Brighton,20,1999,0.0,0,0,0,0,0,0,0,0,0,0,0,0,1,0,0,,Matches
332,Wesley Moraes\bfae110f,br BRA,MFFW,Aston Villa,23,1996,0.2,0,0,0,1,1,0,0,0,0,0,0,0,3,0,1,0.0,Matches
333,Wes Morgan\80c31c97,jm JAM,DF,Leicester City,36,1984,0.2,0,0,0,0,0,0,0,0,0,0,0,0,2,0,0,,Matches
334,Mason Mount\9674002f,eng ENG,MFFW,Chelsea,21,1999,32.1,2,0,0,62,51,4,65,36,44,2,0,0,244,21,52,28.8,Matches
335,Lucas Moura\2b622f01,br BRA,FWMF,Tottenham,27,1992,15.7,1,0,0,28,58,3,11,20,22,0,0,0,128,26,42,38.2,Matches
336,Lys Mousset\d9cfca3d,fr FRA,FWMF,Sheffield Utd,24,1996,3.3,0,0,0,8,2,5,0,0,0,0,0,0,12,1,20,4.8,Matches
337,João Moutinho\f5a00fa4,pt POR,MF,Wolves,33,1986,28.1,5,1,1,52,30,0,43,39,46,0,1,0,279,20,24,45.5,Matches
338,Joel Mumbongo\f8e588df,se SWE,FW,Burnley,21,1999,0.4,1,0,0,2,1,1,0,0,0,0,0,0,1,0,3,0.0,Matches
339,Jacob Murphy\de112b84,eng ENG,DFMF,Newcastle Utd,25,1995,18.1,3,0,0,26,31,2,38,20,35,0,0,0,108,5,19,20.8,Matches
340,Shkodran Mustafi\3f2d59fe,de GER,DF,Arsenal,28,1992,0.5,0,0,0,1,0,0,0,0,1,0,0,0,5,2,0,100.0,Matches
341,Marvelous Nakamba\de5b5570,zw ZIM,MF,Aston Villa,26,1994,8.3,3,0,0,8,12,0,1,11,14,0,0,0,68,8,8,50.0,Matches
342,Iliman Ndiaye\5ed97752,sn SEN,MF,Sheffield Utd,20,2000,0.1,0,0,0,0,0,0,0,0,0,0,0,0,0,0,0,,Matches
343,Wilfred Ndidi\6b47c5db,ng NGA,MFDF,Leicester City,23,1996,24.2,6,0,0,59,20,0,3,62,73,0,1,0,300,51,35,59.3,Matches
344,Tanguy Ndombele\5cdddffa,fr FRA,MF,Tottenham,23,1996,23.2,3,0,0,33,83,0,8,30,32,0,0,0,206,14,19,42.4,Matches
345,Reiss Nelson\c5bdb6e3,eng ENG,FW,Arsenal,20,1999,0.8,0,0,0,2,1,0,4,1,0,0,0,0,4,0,0,,Matches
346,Pedro Neto\7ba2eaa9,pt POR,FWMF,Wolves,20,2000,28.3,4,0,0,31,53,4,127,29,18,0,0,0,151,20,39,33.9,Matches
347,Rúben Neves\44bfb6c5,pt POR,MF,Wolves,23,1997,29.7,8,0,0,58,19,0,17,46,66,0,0,0,329,27,22,55.1,Matches
348,Eddie Nketiah\a53649b7,eng ENG,FW,Arsenal,21,1999,4.7,0,0,0,11,12,0,4,1,3,0,0,0,12,3,18,14.3,Matches
349,Niels Nkounkou\f5b281e7,fr FRA,DFFW,Everton,19,2000,0.9,1,0,0,1,0,0,2,0,0,0,0,0,4,0,0,,Matches
350,Dan Nlundulu\30040f5d,eng ENG,FW,Southampton,21,1999,1.2,0,0,0,6,0,1,0,0,0,0,0,0,6,6,5,54.5,Matches
351,Mark Noble\ff527768,eng ENG,MF,West Ham,33,1987,7.9,1,0,0,12,11,1,4,11,5,0,0,0,77,7,2,77.8,Matches
352,Will Norris\c73ada83,eng ENG,GK,Burnley,26,1993,2.0,0,0,0,0,0,0,0,0,0,0,0,0,6,0,0,,Matches
353,Oliver Norwood\43439614,nir NIR,MF,Sheffield Utd,29,1991,24.7,6,0,0,47,13,0,40,40,29,0,0,0,263,17,23,42.5,Matches
354,Jack O'Connell\312626c1,eng ENG,DF,Sheffield Utd,26,1994,2.0,0,0,0,1,0,1,1,0,1,0,0,0,21,5,10,33.3,Matches
355,Dara O'Shea\1d042188,ie IRL,DF,West Brom,21,1999,23.4,3,0,0,17,18,0,8,39,30,0,1,0,213,72,42,63.2,Matches
356,Michael Obafemi\caa1a7f0,ie IRL,FW,Southampton,20,2000,0.7,0,0,0,1,3,0,1,1,1,0,0,0,3,0,3,0.0,Matches
357,Denis Odoi\f7750aa0,gh GHA,DF,Fulham,32,1988,3.0,1,0,0,8,5,1,4,1,0,0,0,0,35,7,6,53.8,Matches
358,Angelo Ogbonna\74b2cd7e,it ITA,DF,West Ham,32,1988,27.7,5,0,0,30,11,1,3,27,20,0,0,0,227,77,36,68.1,Matches
359,Robin Olsen\e7ee38c3,se SWE,GK,Everton,30,1990,7.0,1,0,0,0,1,0,0,0,0,0,0,0,22,0,0,,Matches
360,Josh Onomah\6612cd8c,eng ENG,MF,Fulham,23,1997,4.2,1,0,0,16,0,0,1,3,5,0,0,0,34,4,7,36.4,Matches
361,Divock Origi\43a166b4,be BEL,FW,Liverpool,25,1995,2.1,0,0,0,0,2,0,3,1,4,0,0,0,15,3,8,27.3,Matches
362,Ben Osborn\79bc4c45,eng ENG,MFDF,Sheffield Utd,25,1994,17.8,1,0,0,16,17,4,46,16,16,0,0,0,150,13,22,37.1,Matches
363,Owen Otasowie\6956ff08,us USA,MFFW,Wolves,19,2001,2.1,1,0,0,4,7,0,0,3,5,0,0,0,18,8,8,50.0,Matches
364,Alex Oxlade-Chamberlain\38c7feef,eng ENG,FWMF,Liverpool,26,1993,2.8,0,0,0,2,1,0,1,1,1,0,0,0,33,2,4,33.3,Matches
365,Emerson Palmieri\e0bc6fdc,it ITA,DF,Chelsea,25,1994,1.0,0,0,0,3,0,0,1,1,2,0,0,0,11,3,0,100.0,Matches
366,Thomas Partey\529f49ab,gh GHA,MF,Arsenal,27,1993,17.0,5,0,0,24,23,0,2,26,30,0,0,0,198,22,21,51.2,Matches
367,Rui Patrício\79b0d6a0,pt POR,GK,Wolves,32,1988,37.0,1,0,0,0,1,0,0,0,0,0,0,0,143,0,0,,Matches
368,Bailey Peacock-Farrell\4879f8cb,nir NIR,GK,Burnley,23,1996,4.0,0,0,0,0,2,0,0,0,0,0,0,0,16,0,0,,Matches
369,Lee Peltier\af341b88,eng ENG,DF,West Brom,33,1986,2.5,1,0,0,6,0,0,2,2,7,0,0,0,16,6,2,75.0,Matches
370,Nicolas Pépé\57e3f0c7,ci CIV,FW,Arsenal,25,1995,18.0,1,1,0,16,34,4,35,18,16,0,0,0,103,35,32,52.2,Matches
371,Matheus Pereira\b04ee927,pt POR,MFFW,West Brom,24,1996,28.6,2,1,0,46,57,14,58,29,20,1,0,0,204,15,50,23.1,Matches
372,Ricardo Pereira\75a72a99,pt POR,DF,Leicester City,26,1993,10.7,3,0,0,18,11,1,15,16,18,0,0,0,88,11,13,45.8,Matches
373,Ayoze Pérez\819aa8e7,es ESP,MFFW,Leicester City,27,1993,14.8,2,0,0,38,31,7,18,19,15,0,0,0,94,9,41,18.0,Matches
374,Kalvin Phillips\4f565d77,eng ENG,MF,Leeds United,24,1995,27.0,10,0,0,63,36,0,25,49,44,0,0,0,325,31,35,47.0,Matches
375,Matt Phillips\7bb5f40e,sct SCO,MFFW,West Brom,29,1991,20.3,1,0,0,30,10,8,52,19,14,0,0,0,150,15,46,24.6,Matches
376,Nathaniel Phillips\515ebe8d,eng ENG,DF,Liverpool,23,1997,16.2,2,0,0,26,12,0,2,29,12,0,0,0,184,103,39,72.5,Matches
377,Jaden Philogene Bidace\19f4d211,eng ENG,FW,Aston Villa,18,2002,0.0,0,0,0,0,0,1,0,1,0,0,0,0,0,0,0,,Matches
378,Jordan Pickford\4806ec67,eng ENG,GK,Everton,26,1994,30.5,1,0,0,1,4,0,0,0,0,0,1,0,160,0,0,,Matches
379,Erik Pieters\1ef37668,nl NED,DFMF,Burnley,31,1988,14.1,1,0,0,33,23,1,15,10,27,1,0,1,129,20,12,62.5,Matches
380,Daniel Podence\7fcc71d8,pt POR,MFFW,Wolves,24,1995,18.5,3,0,0,15,34,5,28,15,7,0,0,0,113,8,21,27.6,Matches
381,Paul Pogba\867239d3,fr FRA,MFFW,Manchester Utd,27,1993,21.1,3,0,0,51,55,4,24,25,26,2,2,0,210,55,38,59.1,Matches
382,Nick Pope\4b40d9ca,eng ENG,GK,Burnley,28,1992,32.0,1,0,0,2,5,0,0,1,0,0,2,0,164,0,1,0.0,Matches
383,Dennis Praet\86695068,be BEL,MFFW,Leicester City,26,1994,8.0,0,0,0,15,4,0,18,9,7,0,0,0,62,5,11,31.3,Matches
384,Davy Pröpper\fdd85f94,nl NED,MF,Brighton,28,1991,2.4,0,0,0,1,0,0,2,2,5,0,0,0,12,3,4,42.9,Matches
385,Christian Pulisic\1bf33a9a,us USA,FWMF,Chelsea,21,1998,19.3,2,0,0,18,44,5,31,9,17,0,0,0,120,21,48,30.4,Matches
386,Aaron Ramsdale\466fb2c5,eng ENG,GK,Sheffield Utd,22,1998,38.0,1,0,0,1,7,0,0,0,0,0,1,0,183,0,0,,Matches
387,Jacob Ramsey\1544f145,eng ENG,MFFW,Aston Villa,19,2001,7.0,0,0,0,18,12,2,7,6,7,0,0,0,54,5,17,22.7,Matches
388,Kayne Ramsey\dc31b84c,eng ENG,DF,Southampton,19,2000,1.0,1,0,0,1,0,0,0,1,3,0,0,0,6,1,1,50.0,Matches
389,Darren Randolph\6385ebfb,ie IRL,GK,West Ham,33,1987,3.0,0,0,0,0,1,0,0,0,0,0,0,0,7,0,0,,Matches
390,Marcus Rashford\a1d5bd30,eng ENG,FW,Manchester Utd,22,1997,32.4,4,0,0,25,56,27,43,10,10,2,0,0,142,23,22,51.1,Matches
391,Tim Ream\28b40c9c,us USA,DF,Fulham,32,1987,7.0,0,0,0,4,0,0,0,4,4,0,0,0,63,11,9,55.0,Matches
392,Nathan Redmond\ab651565,eng ENG,MFFW,Southampton,26,1994,19.3,1,0,0,37,21,4,34,18,17,0,1,0,121,11,37,22.9,Matches
393,Harrison Reed\803ae100,eng ENG,MF,Fulham,25,1995,25.0,5,0,0,50,29,1,13,54,42,0,0,0,329,28,28,50.0,Matches
394,Sergio Reguilón\3353737a,es ESP,DF,Tottenham,23,1996,24.9,5,0,0,30,28,1,59,35,27,1,1,1,215,30,31,49.2,Matches
395,Bobby Reid\0f7533cd,jm JAM,MFDF,Fulham,27,1993,26.4,7,0,0,43,24,4,35,17,20,1,0,0,157,26,41,38.8,Matches
396,Declan Rice\1c7012b8,eng ENG,MF,West Ham,21,1999,32.0,2,0,0,26,19,1,29,68,53,0,1,0,315,47,29,61.8,Matches
397,Lewis Richardson\4fa62ae4,eng ENG,FWMF,Burnley,17,2003,0.0,0,0,0,0,0,0,0,0,0,0,0,0,0,0,1,0.0,Matches
398,Richarlison\fa031b34,br BRA,FW,Everton,23,1997,31.8,4,1,0,36,81,25,23,20,30,1,0,0,186,42,81,34.1,Matches
399,Jaïro Riedewald\7a1f2c08,nl NED,MF,Crystal Palace,23,1996,20.2,4,0,0,25,9,0,5,24,21,0,0,0,160,14,15,48.3,Matches
400,Matt Ritchie\71ef519e,sct SCO,DFMF,Newcastle Utd,30,1989,15.0,2,0,0,14,20,1,59,23,9,1,0,1,103,15,21,41.7,Matches
401,Tyler Roberts\6c17e046,wls WAL,MFFW,Leeds United,21,1999,14.9,3,0,0,27,34,9,9,9,8,0,0,0,100,20,24,45.5,Matches
402,Andrew Robertson\2e4f5f03,sct SCO,DF,Liverpool,26,1994,37.6,2,0,0,23,17,8,147,34,28,0,1,0,380,39,27,59.1,Matches
403,Antonee Robinson\289601e6,us USA,DF,Fulham,22,1997,24.0,4,1,0,21,15,1,93,44,27,0,0,0,219,39,28,58.2,Matches
404,Callum Robinson\e75750a3,ie IRL,FWMF,West Brom,25,1995,17.3,0,0,0,6,21,8,35,14,7,2,0,0,104,13,50,20.6,Matches
405,Jack Robinson\7399c7a8,eng ENG,DF,Sheffield Utd,26,1993,9.7,3,0,0,11,7,0,11,17,10,1,1,0,91,28,24,53.8,Matches
406,Hal Robson-Kanu\fb2dec57,wls WAL,FWMF,West Brom,31,1989,6.2,2,0,0,16,12,4,3,4,3,0,0,0,26,7,29,19.4,Matches
407,Marek Rodák\17acc2ed,sk SVK,GK,Fulham,23,1996,2.0,0,0,0,0,0,0,0,0,0,0,0,0,4,0,0,,Matches
408,Joe Rodon\8d62d31a,wls WAL,DF,Tottenham,22,1997,8.1,0,0,0,3,9,1,0,13,9,0,0,0,73,24,11,68.6,Matches
409,Rodri\6434f10d,es ESP,MF,Manchester City,24,1996,30.5,6,0,0,57,38,3,12,40,60,0,0,0,417,91,28,76.5,Matches
410,Rodrigo\1fb1c435,es ESP,MFFW,Leeds United,29,1991,14.3,3,0,0,24,17,3,20,9,13,0,1,0,101,25,34,42.4,Matches
411,James Rodríguez\715bf047,co COL,FWMF,Everton,29,1991,19.6,4,0,0,21,54,6,35,16,14,1,0,0,141,5,15,25.0,Matches
412,Jay Rodriguez\4ab53cdb,eng ENG,FWMF,Burnley,31,1989,14.1,3,0,0,39,20,15,4,4,14,0,0,0,69,46,85,35.1,Matches
413,Oriol Romeu\4b511457,es ESP,MF,Southampton,28,1991,19.6,6,0,0,40,28,0,5,27,35,0,0,0,279,35,28,55.6,Matches
414,John Ruddy\da8b19e2,eng ENG,GK,Wolves,33,1986,1.0,0,0,0,0,1,0,0,0,0,0,0,0,8,0,0,,Matches
415,Antonio Rüdiger\18b896d6,de GER,DF,Chelsea,27,1993,19.0,0,0,0,17,13,1,1,15,18,0,0,1,162,50,16,75.8,Matches
416,Mathew Ryan\4535e4bb,au AUS,GK,Arsenal,28,1992,3.0,0,0,0,0,0,0,0,0,0,0,0,0,15,0,1,0.0,Matches
417,Mathew Ryan\4535e4bb,au AUS,GK,Brighton,28,1992,11.0,1,0,0,1,0,0,0,0,0,0,1,0,42,0,0,,Matches
418,Allan Saint-Maximin\2b16cb1a,fr FRA,FWMF,Newcastle Utd,23,1997,17.3,0,0,0,10,54,5,21,9,11,0,1,0,100,5,13,27.8,Matches
419,Romain Saïss\9fbbcf39,ma MAR,DF,Wolves,30,1990,26.7,2,0,0,33,12,1,17,39,18,0,2,0,219,89,53,62.7,Matches
420,Bukayo Saka\bc7dc64d,eng ENG,FWDF,Arsenal,18,2001,28.4,1,0,0,29,75,15,82,27,19,1,0,1,176,15,43,25.9,Matches
421,Mamadou Sakho\87935cf3,fr FRA,DF,Crystal Palace,30,1990,3.1,0,0,0,2,0,0,0,0,2,0,1,0,17,5,8,38.5,Matches
422,Mohamed Salah\e342ad68,eg EGY,FW,Liverpool,28,1992,34.2,0,0,0,23,32,13,47,9,13,2,0,0,191,21,52,28.8,Matches
423,Mohammed Salisu\0b33f6ad,gh GHA,DF,Southampton,21,1999,9.4,1,0,0,12,4,0,2,26,19,0,0,0,75,26,18,59.1,Matches
424,Davinson Sánchez\da7b447d,co COL,DF,Tottenham,24,1996,16.5,1,0,0,25,12,0,0,14,25,0,3,1,153,50,30,62.5,Matches
425,Robert Sánchez\6a713852,es ESP,GK,Brighton,22,1997,27.0,2,0,0,2,5,0,0,0,0,0,1,0,134,1,1,50.0,Matches
426,Morgan Sanson\6e7f1353,fr FRA,MF,Aston Villa,25,1994,3.3,3,0,0,8,9,2,8,7,5,0,0,0,31,5,4,55.6,Matches
427,Romaine Sawyers\77bb1522,kn SKN,MF,West Brom,28,1991,16.5,2,0,0,31,18,0,5,22,19,0,0,1,176,13,6,68.4,Matches
428,Dane Scarlett\21945a9e,eng ENG,FW,Tottenham,16,2004,0.0,0,0,0,0,0,0,0,0,0,0,0,0,0,0,0,,Matches
429,Fabian Schär\c8aa95da,ch SUI,DF,Newcastle Utd,28,1991,13.8,4,1,0,22,15,1,3,22,9,0,0,0,123,20,25,44.4,Matches
430,Jeffrey Schlupp\3312f911,gh GHA,MF,Crystal Palace,27,1992,15.9,3,0,0,34,26,0,27,21,20,0,0,0,116,32,43,42.7,Matches
431,Kasper Schmeichel\53af52f3,dk DEN,GK,Leicester City,33,1986,38.0,0,0,0,0,3,0,0,0,0,0,0,1,161,0,0,,Matches
432,Nélson Semedo\d04b94db,pt POR,DF,Wolves,26,1993,33.1,5,0,0,47,44,2,48,45,53,0,1,1,263,43,42,50.6,Matches
433,Femi Seriki\e4e0deaa,eng ENG,DF,Sheffield Utd,18,2002,0.0,0,0,0,0,0,0,0,0,0,0,0,0,0,0,0,,Matches
434,Jamie Shackleton\8d03ca5a,eng ENG,MFDF,Leeds United,20,1999,5.1,0,0,0,5,2,1,2,6,5,0,0,0,36,4,6,40.0,Matches
435,Xherdan Shaqiri\6421ec64,ch SUI,MFFW,Liverpool,28,1991,6.2,2,0,0,12,7,0,11,4,4,0,0,0,61,3,7,30.0,Matches
436,Billy Sharp\e8c9f4e9,eng ENG,FW,Sheffield Utd,34,1986,8.2,1,0,0,19,15,11,7,3,5,0,0,0,26,13,36,26.5,Matches
437,Luke Shaw\9c94165b,eng ENG,DF,Manchester Utd,25,1995,29.5,8,0,0,50,31,3,92,29,44,0,0,1,267,34,36,48.6,Matches
438,Jonjo Shelvey\3727dd3c,eng ENG,MF,Newcastle Utd,28,1992,29.1,7,0,0,40,11,0,37,43,25,0,0,0,244,34,26,56.7,Matches
439,Shola Shoretire\00f0482f,eng ENG,FW,Manchester Utd,16,2004,0.1,0,0,0,0,0,0,0,0,0,0,0,0,0,1,1,50.0,Matches
440,Gylfi Sigurðsson\76dd1480,is ISL,MF,Everton,30,1989,25.0,2,0,0,31,22,0,31,31,21,0,0,0,176,8,12,40.0,Matches
441,Bernardo Silva\3eb22ec9,pt POR,MFFW,Manchester City,25,1994,22.9,5,0,0,21,34,3,27,21,21,0,0,0,137,10,29,25.6,Matches
442,Fábio Silva\e7aa9d7c,pt POR,FW,Wolves,18,2002,15.2,2,0,0,25,25,5,6,5,6,1,0,0,67,32,76,29.6,Matches
443,Thiago Silva\86e7deaf,br BRA,DF,Chelsea,35,1984,21.5,5,1,1,13,14,0,1,28,13,0,0,0,227,55,20,73.3,Matches
444,Moussa Sissoko\2acd49b9,fr FRA,MF,Tottenham,30,1989,17.6,3,0,0,26,12,0,10,16,20,0,0,0,183,17,24,41.5,Matches
445,Islam Slimani\ffec9769,dz ALG,FW,Leicester City,32,1988,0.2,0,0,0,0,0,0,1,0,0,0,0,0,0,3,1,75.0,Matches
446,William Smallbone\5e105217,ie IRL,MF,Southampton,20,2000,1.9,0,0,0,4,2,0,2,1,4,0,0,0,12,3,4,42.9,Matches
447,Emile Smith Rowe\17695062,eng ENG,MFFW,Arsenal,20,2000,16.0,0,0,0,7,21,4,19,14,8,0,0,0,106,8,9,47.1,Matches
448,Robert Snodgrass\9f4647e9,sct SCO,MFFW,West Brom,32,1987,5.8,2,0,0,12,13,1,5,4,12,0,0,0,55,10,13,43.5,Matches
449,Robert Snodgrass\9f4647e9,sct SCO,FWDF,West Ham,32,1987,0.1,0,0,0,0,1,0,0,0,1,0,0,0,0,0,0,,Matches
450,Cédric Soares\839c14e1,pt POR,DF,Arsenal,28,1991,8.3,1,0,0,8,4,0,29,8,10,0,0,0,69,10,14,41.7,Matches
451,Tomáš Souček\6613c819,cz CZE,MF,West Ham,25,1995,38.0,7,1,0,88,50,3,10,55,50,0,1,1,463,228,134,63.0,Matches
452,Çağlar Söyüncü\21166ff4,tr TUR,DF,Leicester City,24,1996,20.2,2,0,0,20,16,0,8,27,16,0,0,0,186,62,37,62.6,Matches
453,Zack Steffen\42130443,us USA,GK,Manchester City,25,1995,1.0,0,0,0,1,0,0,0,0,0,0,0,0,2,0,0,,Matches
454,Dale Stephens\653ee42d,eng ENG,MF,Burnley,31,1989,2.9,1,0,0,8,2,0,0,3,4,0,0,0,49,5,4,55.6,Matches
455,Jack Stephens\6adbc307,eng ENG,DF,Southampton,26,1994,17.1,2,0,0,10,9,0,0,25,19,0,0,0,175,26,18,59.1,Matches
456,Raheem Sterling\b400bde0,eng ENG,FW,Manchester City,25,1994,28.2,4,0,0,39,54,9,34,14,18,2,0,0,123,5,26,16.1,Matches
457,Enda Stevens\17d4507a,ie IRL,DF,Sheffield Utd,30,1990,30.0,6,0,0,44,12,3,55,47,23,0,0,0,268,38,39,49.4,Matches
458,John Stones\5eecec3d,eng ENG,DF,Manchester City,26,1994,21.5,0,1,0,6,14,1,1,20,12,0,0,0,177,46,15,75.4,Matches
459,Pascal Struijk\f4d296e4,nl NED,DFMF,Leeds United,20,1999,23.1,3,0,0,29,7,0,1,41,29,0,1,0,228,51,45,53.1,Matches
460,Japhet Tanganga\e9971f2d,eng ENG,DF,Tottenham,21,1999,5.4,2,0,0,12,8,0,4,2,4,0,0,0,50,11,9,55.0,Matches
461,Matt Targett\e514ab62,eng ENG,DF,Aston Villa,24,1995,37.8,7,0,0,36,30,0,98,47,57,0,1,0,355,84,54,60.9,Matches
462,James Tarkowski\15ea812b,eng ENG,DF,Burnley,27,1992,36.0,6,0,0,35,33,3,5,57,42,0,0,0,358,184,62,74.8,Matches
463,Percy Tau\4d0eb7d2,za RSA,FWMF,Brighton,26,1994,1.1,0,0,0,0,2,0,0,0,0,0,0,0,6,0,5,0.0,Matches
464,Sidnei Tavares\3add8ed8,pt POR,MF,Leicester City,18,2001,0.9,0,0,0,1,4,0,0,1,0,0,0,0,4,1,1,50.0,Matches
465,Charlie Taylor\cc2d7ad5,eng ENG,DF,Burnley,26,1993,27.0,1,0,0,11,44,0,76,28,25,0,0,0,250,46,26,63.9,Matches
466,Neil Taylor\c2f9d19f,wls WAL,DF,Aston Villa,31,1989,0.2,1,0,0,1,0,0,0,0,0,0,0,0,2,0,0,,Matches
467,Allan Tchaptchet\ab7d7882,fr FRA,DF,Southampton,18,2001,0.1,0,0,0,0,0,0,0,0,0,0,0,0,1,1,0,100.0,Matches
468,Nathan Tella\f1e94cd6,eng ENG,FWMF,Southampton,21,1999,8.3,2,0,0,19,26,5,12,9,8,1,0,0,58,3,18,14.3,Matches
469,Alex Telles\e73c9bb2,br BRA,DF,Manchester Utd,27,1992,7.7,0,0,0,5,7,1,27,12,6,0,0,0,59,11,10,52.4,Matches
470,Kenny Tete\77d7c96f,nl NED,DF,Fulham,24,1995,16.5,3,0,0,35,20,2,61,29,29,0,1,0,151,27,24,52.9,Matches
471,William Thomas Fish\b2ee9d2c,eng ENG,DF,Manchester Utd,17,2003,0.0,0,0,0,0,0,0,0,0,0,0,0,0,1,0,0,,Matches
472,Luke Thomas\fc027d02,eng ENG,DF,Leicester City,19,2001,10.8,2,0,0,11,18,0,8,16,8,1,0,0,82,18,27,40.0,Matches
473,Youri Tielemans\56f7a928,be BEL,MF,Leicester City,23,1997,37.3,6,0,0,54,69,0,45,36,56,0,0,0,412,37,35,51.4,Matches
474,Kieran Tierney\fce2302c,sct SCO,DF,Arsenal,23,1997,25.5,4,0,0,16,22,0,101,20,17,1,0,0,211,19,45,29.7,Matches
475,James Tomkins\e7ca0439,eng ENG,DF,Crystal Palace,31,1989,6.1,1,0,0,4,1,0,0,5,4,0,1,0,41,14,10,58.3,Matches
476,Fikayo Tomori\7edfbb8a,eng ENG,DF,Chelsea,22,1997,0.5,0,0,0,1,0,0,0,1,2,0,0,0,4,0,0,,Matches
477,Ferrán Torres\9e1035f8,es ESP,FWMF,Manchester City,20,2000,14.5,1,0,0,19,19,5,28,7,8,1,0,0,66,13,23,36.1,Matches
478,Cenk Tosun\9a104dee,tr TUR,FW,Everton,29,1991,0.5,1,0,0,1,0,0,0,0,0,0,0,0,0,1,1,50.0,Matches
479,Andros Townsend\b28bbd58,eng ENG,MFFW,Crystal Palace,29,1991,25.1,0,0,0,36,64,2,89,48,36,0,0,0,203,5,24,17.2,Matches
480,Conor Townsend\4dc4f138,eng ENG,DF,West Brom,27,1993,24.8,0,0,0,17,29,2,52,40,32,0,2,0,187,45,35,56.3,Matches
481,Adama Traoré\9a28eba4,es ESP,FW,Wolves,24,1996,29.4,4,0,0,53,104,7,119,11,23,1,0,0,162,78,75,51.0,Matches
482,Bertrand Traoré\c47541e0,bf BFA,FW,Aston Villa,24,1995,25.7,1,0,0,35,46,7,54,23,9,1,0,0,152,31,37,45.6,Matches
483,Trézéguet\3ae14ed1,eg EGY,FW,Aston Villa,25,1994,13.0,0,0,0,42,21,4,24,11,18,1,0,0,87,29,45,39.2,Matches
484,Leandro Trossard\38ceb24a,be BEL,FWMF,Brighton,25,1994,29.0,2,0,0,32,38,6,64,24,20,0,0,0,202,6,28,17.6,Matches
485,Kostas Tsimikas\f315ca93,gr GRE,DFFW,Liverpool,24,1996,0.1,0,0,0,1,0,0,1,0,0,0,0,0,0,0,1,0.0,Matches
486,Axel Tuanzebe\2baec6ce,eng ENG,DF,Manchester Utd,22,1997,4.5,2,0,0,7,3,0,0,4,5,0,0,1,45,6,7,46.2,Matches
487,Cengiz Ünder\1880614f,tr TUR,MFFW,Leicester City,23,1997,3.1,0,0,0,1,4,2,10,3,3,0,0,0,22,0,3,0.0,Matches
488,Yan Valery\531a4aa8,fr FRA,DFMF,Southampton,21,1999,1.1,0,0,0,2,1,0,2,3,2,0,0,0,13,1,3,25.0,Matches
489,Jamie Vardy\45963054,eng ENG,FW,Leicester City,33,1987,31.6,1,0,0,27,27,36,24,8,8,5,0,0,83,56,68,45.2,Matches
490,Joël Veltman\dad4b285,nl NED,DF,Brighton,28,1992,25.3,3,0,0,42,43,0,52,35,41,0,0,0,274,48,35,57.8,Matches
491,Jannik Vestergaard\1900032e,dk DEN,DF,Southampton,27,1992,28.6,3,1,0,22,12,0,2,38,37,1,0,0,309,108,46,70.1,Matches
492,Rúben Vinagre\b937e490,pt POR,DF,Wolves,21,1999,1.9,0,0,0,2,0,0,4,1,3,0,0,0,19,3,3,50.0,Matches
493,Carlos Vinícius\8b529245,br BRA,FW,Tottenham,25,1995,3.4,2,0,0,11,5,2,2,1,0,0,0,0,10,11,20,35.5,Matches
494,João Virgínia\728e9b2e,pt POR,GK,Everton,20,1999,0.5,0,0,0,0,1,0,0,0,0,0,0,0,1,0,0,,Matches
495,Vitinha\3b029691,pt POR,MF,Wolves,20,2000,5.8,0,0,0,12,9,1,3,4,7,0,0,0,36,0,2,0.0,Matches
496,Jake Vokins\d484c261,eng ENG,DF,Southampton,20,2000,0.7,0,0,0,2,0,1,2,0,0,0,0,0,2,0,0,,Matches
497,Matěj Vydra\0d4ceb32,cz CZE,FW,Burnley,28,1992,15.2,0,0,0,7,15,12,6,5,6,0,0,0,49,31,97,24.2,Matches
498,Theo Walcott\1ecb65be,eng ENG,MFFW,Southampton,31,1989,18.0,0,0,0,16,32,8,34,9,18,0,0,0,115,8,29,21.6,Matches
499,Theo Walcott\1ecb65be,eng ENG,FW,Everton,31,1989,0.1,0,0,0,0,0,0,0,0,0,0,0,0,0,0,0,,Matches
500,Kyle Walker\86dd77d1,eng ENG,DF,Manchester City,30,1990,21.6,1,0,0,25,15,1,24,15,27,0,3,0,187,28,14,66.7,Matches
501,Kyle Walker-Peters\984a5a64,eng ENG,DF,Southampton,23,1997,29.4,4,0,0,37,48,7,22,40,43,1,1,0,275,20,39,33.9,Matches
502,Aaron Wan-Bissaka\9e525177,eng ENG,DF,Manchester Utd,22,1997,34.0,3,0,0,33,20,1,57,66,52,0,0,0,267,46,35,56.8,Matches
503,Joel Ward\8a7ff278,eng ENG,DF,Crystal Palace,30,1989,25.1,5,0,0,34,14,1,15,52,26,0,1,0,227,59,42,58.4,Matches
504,James Ward-Prowse\3515d404,eng ENG,MF,Southampton,25,1994,38.0,5,0,0,55,37,0,52,44,57,0,1,0,483,49,64,43.4,Matches
505,Ollie Watkins\aed3a70f,eng ENG,FW,Aston Villa,24,1995,37.0,4,1,1,49,69,30,36,12,22,0,0,0,121,139,178,43.8,Matches
506,Caleb Watts\c7170b46,au AUS,MFFW,Southampton,18,2002,0.4,1,0,0,1,1,0,1,0,1,0,0,0,2,1,3,25.0,Matches
507,Adam Webster\c40b6180,eng ENG,DF,Brighton,25,1995,28.8,4,0,0,25,19,1,2,40,21,0,0,0,320,90,50,64.3,Matches
508,Danny Welbeck\ce5143da,eng ENG,FW,Brighton,29,1990,17.2,0,0,0,21,20,5,5,5,8,2,0,0,61,20,47,29.9,Matches
509,Timo Werner\49fe9070,de GER,FW,Chelsea,24,1996,28.9,2,0,0,32,36,26,48,6,18,5,0,0,144,13,41,24.1,Matches
510,Ashley Westwood\495945ef,eng ENG,MF,Burnley,30,1990,37.9,7,0,0,50,53,0,71,48,14,0,0,0,420,14,31,31.1,Matches
511,Ben White\35e413f1,eng ENG,DFMF,Brighton,22,1997,35.5,5,1,1,39,14,1,19,45,33,0,0,0,302,52,46,53.1,Matches
512,Georginio Wijnaldum\eb58eef0,nl NED,MF,Liverpool,29,1990,32.7,1,0,0,19,34,0,4,25,24,0,0,0,295,37,50,42.5,Matches
513,Brandon Williams\5e74d6c8,eng ENG,DF,Manchester Utd,19,2000,2.1,0,0,0,3,3,0,1,9,1,0,0,0,13,0,1,0.0,Matches
514,Neco Williams\dd323728,wls WAL,DF,Liverpool,19,2001,2.8,1,0,0,4,6,0,11,5,5,0,1,0,24,3,3,50.0,Matches
515,Rhys Williams\012c975a,eng ENG,DF,Liverpool,19,2001,7.3,0,0,0,4,3,0,0,8,2,0,0,0,76,32,7,82.1,Matches
516,Willian\8b9ebd03,br BRA,FWMF,Arsenal,31,1988,15.6,0,0,0,9,27,4,44,12,6,0,0,0,84,6,16,27.3,Matches
517,Joe Willock\a3b03921,eng ENG,MF,Arsenal,20,1999,2.6,1,0,0,5,4,1,5,5,4,0,0,0,21,7,5,58.3,Matches
518,Joe Willock\a3b03921,eng ENG,MF,Newcastle Utd,20,1999,10.9,0,0,0,15,23,0,10,32,25,1,1,0,80,13,25,34.2,Matches
519,Callum Wilson\c596fcb0,eng ENG,FW,Newcastle Utd,28,1992,23.2,2,0,0,47,48,23,13,3,10,2,0,0,87,39,127,23.5,Matches
520,Harry Winks\2f7acede,eng ENG,MF,Tottenham,24,1996,9.6,5,0,0,12,14,0,2,16,14,0,0,0,102,8,6,57.1,Matches
521,Chris Wood\4e9a0555,nz NZL,FW,Burnley,28,1991,30.5,0,0,0,42,33,25,4,5,11,1,0,0,101,168,215,43.9,Matches
522,Granit Xhaka\e61b8aee,ch SUI,MFDF,Arsenal,27,1992,28.0,7,1,0,47,43,1,6,25,37,0,0,0,317,46,33,58.2,Matches
523,Andriy Yarmolenko\849c826a,ua UKR,FWMF,West Ham,30,1989,4.2,3,0,0,9,7,5,11,3,4,0,0,0,29,3,3,50.0,Matches
524,DeAndre Yedlin\ae0a7ddf,us USA,DF,Newcastle Utd,27,1993,4.8,0,0,0,5,5,1,8,3,6,0,0,0,28,4,3,57.1,Matches
525,Okay Yokuşlu\e49ce451,tr TUR,MF,West Brom,26,1994,14.6,4,0,0,34,33,0,3,42,33,0,2,0,203,41,20,67.2,Matches
526,Wilfried Zaha\b2bc3b1f,ci CIV,FW,Crystal Palace,27,1992,29.0,6,0,0,42,98,22,51,27,24,1,0,0,140,10,39,20.4,Matches
527,Andre-Frank Zambo Anguissa\6bb2c084,cm CMR,MF,Fulham,24,1995,28.7,6,0,0,50,45,0,13,55,53,0,0,0,330,55,38,59.1,Matches
528,Andi Zeqiri\d01231f0,ch SUI,FWDF,Brighton,21,1999,1.9,0,0,0,2,3,0,5,0,3,0,0,0,12,2,5,28.6,Matches
529,Oleksandr Zinchenko\51cf8561,ua UKR,DF,Manchester City,23,1996,16.4,0,0,0,8,7,1,17,20,13,0,0,0,153,24,14,63.2,Matches
530,Hakim Ziyech\6622454d,ma MAR,FWMF,Chelsea,27,1993,13.0,3,0,0,23,20,4,42,10,7,0,0,0,94,3,22,12.0,Matches
531,Kurt Zouma\ce4246f5,fr FRA,DF,Chelsea,25,1994,22.5,3,0,0,21,8,0,0,26,13,0,0,0,210,97,34,74.0,Matches
532,Martin Ødegaard\79300479,no NOR,MF,Arsenal,21,1998,9.6,0,0,0,4,13,1,12,5,5,0,0,0,56,1,14,6.7,Matches